actual_action_id,predicted_action_id,actual_action,predicted_action,confidence
0,0,fan_off_heater_off,fan_off_heater_off,0.99987125
0,0,fan_off_heater_off,fan_off_heater_off,1.0
0,0,fan_off_heater_off,fan_off_heater_off,0.9999968
0,0,fan_off_heater_off,fan_off_heater_off,1.0
0,0,fan_off_heater_off,fan_off_heater_off,0.9991265
0,0,fan_off_heater_off,fan_off_heater_off,1.0
0,0,fan_off_heater_off,fan_off_heater_off,1.0
0,0,fan_off_heater_off,fan_off_heater_off,1.0
2,2,fan_on_heater_off,fan_on_heater_off,0.97481185
0,0,fan_off_heater_off,fan_off_heater_off,1.0
0,0,fan_off_heater_off,fan_off_heater_off,0.9998683
0,0,fan_off_heater_off,fan_off_heater_off,0.9999654
0,0,fan_off_heater_off,fan_off_heater_off,1.0
0,0,fan_off_heater_off,fan_off_heater_off,1.0
0,0,fan_off_heater_off,fan_off_heater_off,1.0
0,0,fan_off_heater_off,fan_off_heater_off,1.0
0,0,fan_off_heater_off,fan_off_heater_off,1.0
0,0,fan_off_heater_off,fan_off_heater_off,1.0
0,0,fan_off_heater_off,fan_off_heater_off,1.0
0,0,fan_off_heater_off,fan_off_heater_off,1.0
0,0,fan_off_heater_off,fan_off_heater_off,1.0
0,0,fan_off_heater_off,fan_off_heater_off,0.9171293
0,0,fan_off_heater_off,fan_off_heater_off,1.0
0,0,fan_off_heater_off,fan_off_heater_off,1.0
0,0,fan_off_heater_off,fan_off_heater_off,1.0
0,0,fan_off_heater_off,fan_off_heater_off,1.0
0,2,fan_off_heater_off,fan_on_heater_off,0.9096196
0,0,fan_off_heater_off,fan_off_heater_off,1.0
0,0,fan_off_heater_off,fan_off_heater_off,1.0
0,0,fan_off_heater_off,fan_off_heater_off,0.95045227
0,0,fan_off_heater_off,fan_off_heater_off,1.0
0,0,fan_off_heater_off,fan_off_heater_off,0.9999999
0,0,fan_off_heater_off,fan_off_heater_off,0.9999702
0,0,fan_off_heater_off,fan_off_heater_off,1.0
1,1,fan_off_heater_on,fan_off_heater_on,0.99999607
0,0,fan_off_heater_off,fan_off_heater_off,1.0
0,0,fan_off_heater_off,fan_off_heater_off,0.99999833
0,0,fan_off_heater_off,fan_off_heater_off,1.0
0,0,fan_off_heater_off,fan_off_heater_off,1.0
0,0,fan_off_heater_off,fan_off_heater_off,1.0
0,0,fan_off_heater_off,fan_off_heater_off,1.0
0,0,fan_off_heater_off,fan_off_heater_off,1.0
0,0,fan_off_heater_off,fan_off_heater_off,1.0
0,0,fan_off_heater_off,fan_off_heater_off,0.99951375
0,0,fan_off_heater_off,fan_off_heater_off,1.0
0,0,fan_off_heater_off,fan_off_heater_off,1.0
0,0,fan_off_heater_off,fan_off_heater_off,1.0
0,0,fan_off_heater_off,fan_off_heater_off,1.0
0,0,fan_off_heater_off,fan_off_heater_off,1.0
0,0,fan_off_heater_off,fan_off_heater_off,0.99999905
0,0,fan_off_heater_off,fan_off_heater_off,0.99994874
0,0,fan_off_heater_off,fan_off_heater_off,1.0
0,0,fan_off_heater_off,fan_off_heater_off,0.9999994
0,0,fan_off_heater_off,fan_off_heater_off,1.0
0,0,fan_off_heater_off,fan_off_heater_off,0.99999964
0,0,fan_off_heater_off,fan_off_heater_off,0.9991756
0,0,fan_off_heater_off,fan_off_heater_off,1.0
0,0,fan_off_heater_off,fan_off_heater_off,0.9981476
0,0,fan_off_heater_off,fan_off_heater_off,1.0
0,0,fan_off_heater_off,fan_off_heater_off,0.99999905
0,0,fan_off_heater_off,fan_off_heater_off,1.0
0,0,fan_off_heater_off,fan_off_heater_off,1.0
0,0,fan_off_heater_off,fan_off_heater_off,1.0
0,0,fan_off_heater_off,fan_off_heater_off,1.0
0,0,fan_off_heater_off,fan_off_heater_off,1.0
0,0,fan_off_heater_off,fan_off_heater_off,0.9999993
0,0,fan_off_heater_off,fan_off_heater_off,1.0
0,0,fan_off_heater_off,fan_off_heater_off,1.0
0,0,fan_off_heater_off,fan_off_heater_off,1.0
0,0,fan_off_heater_off,fan_off_heater_off,0.9999999
0,0,fan_off_heater_off,fan_off_heater_off,0.9975255
0,0,fan_off_heater_off,fan_off_heater_off,0.99999654
0,0,fan_off_heater_off,fan_off_heater_off,0.99999976
0,0,fan_off_heater_off,fan_off_heater_off,0.99914896
0,0,fan_off_heater_off,fan_off_heater_off,1.0
0,0,fan_off_heater_off,fan_off_heater_off,0.994034
0,0,fan_off_heater_off,fan_off_heater_off,1.0
0,0,fan_off_heater_off,fan_off_heater_off,0.99702054
0,0,fan_off_heater_off,fan_off_heater_off,1.0
0,0,fan_off_heater_off,fan_off_heater_off,0.99999964
0,0,fan_off_heater_off,fan_off_heater_off,1.0
0,0,fan_off_heater_off,fan_off_heater_off,0.9999999
0,0,fan_off_heater_off,fan_off_heater_off,1.0
0,0,fan_off_heater_off,fan_off_heater_off,0.9999994
0,0,fan_off_heater_off,fan_off_heater_off,1.0
0,0,fan_off_heater_off,fan_off_heater_off,0.99906784
0,0,fan_off_heater_off,fan_off_heater_off,1.0
0,0,fan_off_heater_off,fan_off_heater_off,1.0
0,0,fan_off_heater_off,fan_off_heater_off,0.99999404
0,0,fan_off_heater_off,fan_off_heater_off,1.0
0,0,fan_off_heater_off,fan_off_heater_off,0.99556714
0,0,fan_off_heater_off,fan_off_heater_off,1.0
0,0,fan_off_heater_off,fan_off_heater_off,1.0
0,0,fan_off_heater_off,fan_off_heater_off,0.9999974
0,0,fan_off_heater_off,fan_off_heater_off,1.0
0,0,fan_off_heater_off,fan_off_heater_off,1.0
0,0,fan_off_heater_off,fan_off_heater_off,1.0
0,0,fan_off_heater_off,fan_off_heater_off,0.9999988
0,0,fan_off_heater_off,fan_off_heater_off,1.0
0,0,fan_off_heater_off,fan_off_heater_off,1.0
0,0,fan_off_heater_off,fan_off_heater_off,1.0
0,0,fan_off_heater_off,fan_off_heater_off,1.0
0,0,fan_off_heater_off,fan_off_heater_off,1.0
0,0,fan_off_heater_off,fan_off_heater_off,1.0
0,0,fan_off_heater_off,fan_off_heater_off,1.0
2,2,fan_on_heater_off,fan_on_heater_off,0.73517084
0,0,fan_off_heater_off,fan_off_heater_off,1.0
0,0,fan_off_heater_off,fan_off_heater_off,1.0
0,0,fan_off_heater_off,fan_off_heater_off,1.0
0,0,fan_off_heater_off,fan_off_heater_off,0.9994336
0,0,fan_off_heater_off,fan_off_heater_off,0.9999993
0,0,fan_off_heater_off,fan_off_heater_off,1.0
0,0,fan_off_heater_off,fan_off_heater_off,1.0
0,0,fan_off_heater_off,fan_off_heater_off,1.0
0,0,fan_off_heater_off,fan_off_heater_off,0.9999999
0,0,fan_off_heater_off,fan_off_heater_off,0.999969
0,0,fan_off_heater_off,fan_off_heater_off,1.0
0,0,fan_off_heater_off,fan_off_heater_off,0.9961112
0,0,fan_off_heater_off,fan_off_heater_off,0.99078935
0,0,fan_off_heater_off,fan_off_heater_off,1.0
0,0,fan_off_heater_off,fan_off_heater_off,0.9999567
0,0,fan_off_heater_off,fan_off_heater_off,1.0
0,0,fan_off_heater_off,fan_off_heater_off,1.0
0,0,fan_off_heater_off,fan_off_heater_off,1.0
0,0,fan_off_heater_off,fan_off_heater_off,1.0
0,0,fan_off_heater_off,fan_off_heater_off,0.96568996
0,0,fan_off_heater_off,fan_off_heater_off,0.9347457
0,0,fan_off_heater_off,fan_off_heater_off,1.0
2,2,fan_on_heater_off,fan_on_heater_off,0.99987745
0,0,fan_off_heater_off,fan_off_heater_off,1.0
0,0,fan_off_heater_off,fan_off_heater_off,1.0
0,0,fan_off_heater_off,fan_off_heater_off,0.9995314
0,0,fan_off_heater_off,fan_off_heater_off,0.9801602
0,0,fan_off_heater_off,fan_off_heater_off,1.0
0,0,fan_off_heater_off,fan_off_heater_off,1.0
0,0,fan_off_heater_off,fan_off_heater_off,0.9999999
0,0,fan_off_heater_off,fan_off_heater_off,0.9999995
0,0,fan_off_heater_off,fan_off_heater_off,1.0
0,0,fan_off_heater_off,fan_off_heater_off,1.0
1,1,fan_off_heater_on,fan_off_heater_on,0.999819
0,0,fan_off_heater_off,fan_off_heater_off,1.0
0,0,fan_off_heater_off,fan_off_heater_off,1.0
0,0,fan_off_heater_off,fan_off_heater_off,0.9927523
0,0,fan_off_heater_off,fan_off_heater_off,1.0
0,0,fan_off_heater_off,fan_off_heater_off,1.0
0,0,fan_off_heater_off,fan_off_heater_off,1.0
0,0,fan_off_heater_off,fan_off_heater_off,1.0
0,0,fan_off_heater_off,fan_off_heater_off,0.9914438
0,0,fan_off_heater_off,fan_off_heater_off,0.99996305
0,0,fan_off_heater_off,fan_off_heater_off,0.9999999
0,0,fan_off_heater_off,fan_off_heater_off,1.0
0,0,fan_off_heater_off,fan_off_heater_off,1.0
0,0,fan_off_heater_off,fan_off_heater_off,1.0
0,0,fan_off_heater_off,fan_off_heater_off,0.97196704
0,0,fan_off_heater_off,fan_off_heater_off,1.0
0,0,fan_off_heater_off,fan_off_heater_off,1.0
0,0,fan_off_heater_off,fan_off_heater_off,0.99996495
0,0,fan_off_heater_off,fan_off_heater_off,1.0
0,0,fan_off_heater_off,fan_off_heater_off,1.0
0,0,fan_off_heater_off,fan_off_heater_off,1.0
0,0,fan_off_heater_off,fan_off_heater_off,0.99999976
0,0,fan_off_heater_off,fan_off_heater_off,1.0
0,0,fan_off_heater_off,fan_off_heater_off,1.0
0,0,fan_off_heater_off,fan_off_heater_off,1.0
0,0,fan_off_heater_off,fan_off_heater_off,1.0
0,0,fan_off_heater_off,fan_off_heater_off,1.0
2,2,fan_on_heater_off,fan_on_heater_off,0.99999976
0,0,fan_off_heater_off,fan_off_heater_off,1.0
0,0,fan_off_heater_off,fan_off_heater_off,1.0
0,0,fan_off_heater_off,fan_off_heater_off,0.9999964
0,0,fan_off_heater_off,fan_off_heater_off,0.9999075
0,0,fan_off_heater_off,fan_off_heater_off,0.9999999
0,0,fan_off_heater_off,fan_off_heater_off,1.0
0,0,fan_off_heater_off,fan_off_heater_off,0.9999982
0,0,fan_off_heater_off,fan_off_heater_off,1.0
0,0,fan_off_heater_off,fan_off_heater_off,1.0
0,0,fan_off_heater_off,fan_off_heater_off,0.9995552
2,2,fan_on_heater_off,fan_on_heater_off,0.9999968
0,0,fan_off_heater_off,fan_off_heater_off,0.9999957
0,0,fan_off_heater_off,fan_off_heater_off,1.0
0,0,fan_off_heater_off,fan_off_heater_off,1.0
0,0,fan_off_heater_off,fan_off_heater_off,0.9999995
0,0,fan_off_heater_off,fan_off_heater_off,1.0
0,0,fan_off_heater_off,fan_off_heater_off,1.0
0,0,fan_off_heater_off,fan_off_heater_off,0.99993825
0,0,fan_off_heater_off,fan_off_heater_off,1.0
0,0,fan_off_heater_off,fan_off_heater_off,0.9999963
0,0,fan_off_heater_off,fan_off_heater_off,1.0
0,0,fan_off_heater_off,fan_off_heater_off,0.9985935
0,0,fan_off_heater_off,fan_off_heater_off,1.0
0,0,fan_off_heater_off,fan_off_heater_off,0.9999999
0,0,fan_off_heater_off,fan_off_heater_off,0.9999999
0,0,fan_off_heater_off,fan_off_heater_off,0.99941814
0,0,fan_off_heater_off,fan_off_heater_off,0.9999994
0,0,fan_off_heater_off,fan_off_heater_off,0.9999821
0,0,fan_off_heater_off,fan_off_heater_off,1.0
0,0,fan_off_heater_off,fan_off_heater_off,0.9997621
0,0,fan_off_heater_off,fan_off_heater_off,1.0
0,0,fan_off_heater_off,fan_off_heater_off,1.0
0,0,fan_off_heater_off,fan_off_heater_off,1.0
0,0,fan_off_heater_off,fan_off_heater_off,0.9999975
0,0,fan_off_heater_off,fan_off_heater_off,0.99999964
0,0,fan_off_heater_off,fan_off_heater_off,0.999741
0,0,fan_off_heater_off,fan_off_heater_off,1.0
0,0,fan_off_heater_off,fan_off_heater_off,1.0
0,0,fan_off_heater_off,fan_off_heater_off,1.0
0,0,fan_off_heater_off,fan_off_heater_off,1.0
0,0,fan_off_heater_off,fan_off_heater_off,0.9967445
0,0,fan_off_heater_off,fan_off_heater_off,1.0
0,0,fan_off_heater_off,fan_off_heater_off,0.99999964
0,0,fan_off_heater_off,fan_off_heater_off,1.0
0,0,fan_off_heater_off,fan_off_heater_off,1.0
0,0,fan_off_heater_off,fan_off_heater_off,0.9999993
0,0,fan_off_heater_off,fan_off_heater_off,1.0
0,0,fan_off_heater_off,fan_off_heater_off,1.0
0,0,fan_off_heater_off,fan_off_heater_off,1.0
0,0,fan_off_heater_off,fan_off_heater_off,1.0
0,0,fan_off_heater_off,fan_off_heater_off,1.0
0,0,fan_off_heater_off,fan_off_heater_off,1.0
0,0,fan_off_heater_off,fan_off_heater_off,1.0
0,0,fan_off_heater_off,fan_off_heater_off,0.9999999
2,2,fan_on_heater_off,fan_on_heater_off,0.99957937
0,0,fan_off_heater_off,fan_off_heater_off,1.0
0,0,fan_off_heater_off,fan_off_heater_off,1.0
0,0,fan_off_heater_off,fan_off_heater_off,1.0
0,0,fan_off_heater_off,fan_off_heater_off,0.998546
0,0,fan_off_heater_off,fan_off_heater_off,1.0
0,0,fan_off_heater_off,fan_off_heater_off,1.0
0,0,fan_off_heater_off,fan_off_heater_off,0.9999987
0,0,fan_off_heater_off,fan_off_heater_off,0.9999988
0,0,fan_off_heater_off,fan_off_heater_off,1.0
0,0,fan_off_heater_off,fan_off_heater_off,1.0
0,0,fan_off_heater_off,fan_off_heater_off,1.0
0,0,fan_off_heater_off,fan_off_heater_off,0.99996555
0,0,fan_off_heater_off,fan_off_heater_off,1.0
0,0,fan_off_heater_off,fan_off_heater_off,1.0
0,0,fan_off_heater_off,fan_off_heater_off,1.0
0,0,fan_off_heater_off,fan_off_heater_off,0.9993637
0,0,fan_off_heater_off,fan_off_heater_off,0.9999939
0,0,fan_off_heater_off,fan_off_heater_off,1.0
0,0,fan_off_heater_off,fan_off_heater_off,0.99996305
0,0,fan_off_heater_off,fan_off_heater_off,1.0
0,0,fan_off_heater_off,fan_off_heater_off,0.99999905
0,0,fan_off_heater_off,fan_off_heater_off,1.0
0,0,fan_off_heater_off,fan_off_heater_off,1.0
2,2,fan_on_heater_off,fan_on_heater_off,0.9999987
0,0,fan_off_heater_off,fan_off_heater_off,1.0
0,0,fan_off_heater_off,fan_off_heater_off,0.9999956
0,0,fan_off_heater_off,fan_off_heater_off,0.99999905
0,0,fan_off_heater_off,fan_off_heater_off,1.0
1,1,fan_off_heater_on,fan_off_heater_on,0.99493164
0,0,fan_off_heater_off,fan_off_heater_off,1.0
0,0,fan_off_heater_off,fan_off_heater_off,1.0
0,0,fan_off_heater_off,fan_off_heater_off,1.0
0,0,fan_off_heater_off,fan_off_heater_off,1.0
0,0,fan_off_heater_off,fan_off_heater_off,1.0
0,0,fan_off_heater_off,fan_off_heater_off,1.0
0,0,fan_off_heater_off,fan_off_heater_off,0.9999999
0,0,fan_off_heater_off,fan_off_heater_off,1.0
0,0,fan_off_heater_off,fan_off_heater_off,0.99999905
0,0,fan_off_heater_off,fan_off_heater_off,1.0
0,0,fan_off_heater_off,fan_off_heater_off,1.0
0,0,fan_off_heater_off,fan_off_heater_off,1.0
1,1,fan_off_heater_on,fan_off_heater_on,1.0
0,0,fan_off_heater_off,fan_off_heater_off,1.0
0,0,fan_off_heater_off,fan_off_heater_off,1.0
0,0,fan_off_heater_off,fan_off_heater_off,0.9995628
0,0,fan_off_heater_off,fan_off_heater_off,1.0
1,1,fan_off_heater_on,fan_off_heater_on,1.0
1,1,fan_off_heater_on,fan_off_heater_on,0.9983413
0,0,fan_off_heater_off,fan_off_heater_off,1.0
0,0,fan_off_heater_off,fan_off_heater_off,0.9997389
0,0,fan_off_heater_off,fan_off_heater_off,1.0
0,0,fan_off_heater_off,fan_off_heater_off,0.99999976
0,0,fan_off_heater_off,fan_off_heater_off,1.0
0,0,fan_off_heater_off,fan_off_heater_off,1.0
0,0,fan_off_heater_off,fan_off_heater_off,1.0
0,0,fan_off_heater_off,fan_off_heater_off,0.9999999
0,0,fan_off_heater_off,fan_off_heater_off,0.9922132
0,0,fan_off_heater_off,fan_off_heater_off,1.0
0,0,fan_off_heater_off,fan_off_heater_off,0.5426766
0,0,fan_off_heater_off,fan_off_heater_off,0.99838424
0,0,fan_off_heater_off,fan_off_heater_off,1.0
0,0,fan_off_heater_off,fan_off_heater_off,1.0
0,0,fan_off_heater_off,fan_off_heater_off,1.0
0,0,fan_off_heater_off,fan_off_heater_off,0.99999917
1,1,fan_off_heater_on,fan_off_heater_on,1.0
0,0,fan_off_heater_off,fan_off_heater_off,0.99999917
0,0,fan_off_heater_off,fan_off_heater_off,1.0
0,0,fan_off_heater_off,fan_off_heater_off,1.0
1,1,fan_off_heater_on,fan_off_heater_on,1.0
0,0,fan_off_heater_off,fan_off_heater_off,1.0
0,0,fan_off_heater_off,fan_off_heater_off,1.0
0,0,fan_off_heater_off,fan_off_heater_off,1.0
0,0,fan_off_heater_off,fan_off_heater_off,1.0
0,0,fan_off_heater_off,fan_off_heater_off,0.99998844
0,0,fan_off_heater_off,fan_off_heater_off,0.9986456
0,0,fan_off_heater_off,fan_off_heater_off,0.9999999
0,0,fan_off_heater_off,fan_off_heater_off,1.0
0,0,fan_off_heater_off,fan_off_heater_off,0.9999882
0,0,fan_off_heater_off,fan_off_heater_off,1.0
0,0,fan_off_heater_off,fan_off_heater_off,0.9998099
0,0,fan_off_heater_off,fan_off_heater_off,1.0
0,0,fan_off_heater_off,fan_off_heater_off,1.0
0,0,fan_off_heater_off,fan_off_heater_off,0.9998869
0,0,fan_off_heater_off,fan_off_heater_off,0.99996376
0,0,fan_off_heater_off,fan_off_heater_off,1.0
0,0,fan_off_heater_off,fan_off_heater_off,1.0
0,0,fan_off_heater_off,fan_off_heater_off,0.99793774
0,0,fan_off_heater_off,fan_off_heater_off,0.9999988
0,0,fan_off_heater_off,fan_off_heater_off,0.9999999
0,0,fan_off_heater_off,fan_off_heater_off,1.0
0,0,fan_off_heater_off,fan_off_heater_off,1.0
0,0,fan_off_heater_off,fan_off_heater_off,1.0
0,0,fan_off_heater_off,fan_off_heater_off,1.0
0,0,fan_off_heater_off,fan_off_heater_off,0.9999999
0,0,fan_off_heater_off,fan_off_heater_off,0.99969816
0,0,fan_off_heater_off,fan_off_heater_off,1.0
0,0,fan_off_heater_off,fan_off_heater_off,1.0
0,0,fan_off_heater_off,fan_off_heater_off,1.0
0,0,fan_off_heater_off,fan_off_heater_off,1.0
0,0,fan_off_heater_off,fan_off_heater_off,0.9916323
0,0,fan_off_heater_off,fan_off_heater_off,1.0
0,0,fan_off_heater_off,fan_off_heater_off,0.9999709
0,0,fan_off_heater_off,fan_off_heater_off,0.99995947
0,0,fan_off_heater_off,fan_off_heater_off,0.996219
0,0,fan_off_heater_off,fan_off_heater_off,1.0
0,0,fan_off_heater_off,fan_off_heater_off,1.0
0,0,fan_off_heater_off,fan_off_heater_off,1.0
0,0,fan_off_heater_off,fan_off_heater_off,0.9999963
0,0,fan_off_heater_off,fan_off_heater_off,1.0
0,0,fan_off_heater_off,fan_off_heater_off,0.9959311
0,0,fan_off_heater_off,fan_off_heater_off,1.0
0,0,fan_off_heater_off,fan_off_heater_off,0.9999999
0,0,fan_off_heater_off,fan_off_heater_off,0.99999714
0,0,fan_off_heater_off,fan_off_heater_off,1.0
0,0,fan_off_heater_off,fan_off_heater_off,1.0
0,0,fan_off_heater_off,fan_off_heater_off,0.99992836
0,0,fan_off_heater_off,fan_off_heater_off,1.0
0,0,fan_off_heater_off,fan_off_heater_off,0.9999944
0,0,fan_off_heater_off,fan_off_heater_off,1.0
0,0,fan_off_heater_off,fan_off_heater_off,1.0
0,0,fan_off_heater_off,fan_off_heater_off,1.0
0,0,fan_off_heater_off,fan_off_heater_off,0.99861145
0,0,fan_off_heater_off,fan_off_heater_off,0.99999857
1,1,fan_off_heater_on,fan_off_heater_on,0.9046559
0,0,fan_off_heater_off,fan_off_heater_off,1.0
0,0,fan_off_heater_off,fan_off_heater_off,1.0
0,0,fan_off_heater_off,fan_off_heater_off,1.0
0,0,fan_off_heater_off,fan_off_heater_off,0.9997004
0,0,fan_off_heater_off,fan_off_heater_off,1.0
0,0,fan_off_heater_off,fan_off_heater_off,0.9999999
0,0,fan_off_heater_off,fan_off_heater_off,0.98917204
0,0,fan_off_heater_off,fan_off_heater_off,1.0
0,0,fan_off_heater_off,fan_off_heater_off,1.0
0,0,fan_off_heater_off,fan_off_heater_off,1.0
0,0,fan_off_heater_off,fan_off_heater_off,1.0
0,0,fan_off_heater_off,fan_off_heater_off,0.99999976
0,0,fan_off_heater_off,fan_off_heater_off,1.0
0,0,fan_off_heater_off,fan_off_heater_off,1.0
0,0,fan_off_heater_off,fan_off_heater_off,1.0
0,0,fan_off_heater_off,fan_off_heater_off,1.0
0,0,fan_off_heater_off,fan_off_heater_off,0.99965644
0,0,fan_off_heater_off,fan_off_heater_off,1.0
0,0,fan_off_heater_off,fan_off_heater_off,1.0
0,0,fan_off_heater_off,fan_off_heater_off,0.999998
0,0,fan_off_heater_off,fan_off_heater_off,0.9661233
0,0,fan_off_heater_off,fan_off_heater_off,0.99999416
0,0,fan_off_heater_off,fan_off_heater_off,0.99999976
0,0,fan_off_heater_off,fan_off_heater_off,0.99999976
0,0,fan_off_heater_off,fan_off_heater_off,1.0
0,0,fan_off_heater_off,fan_off_heater_off,1.0
0,0,fan_off_heater_off,fan_off_heater_off,1.0
0,0,fan_off_heater_off,fan_off_heater_off,1.0
0,0,fan_off_heater_off,fan_off_heater_off,1.0
0,0,fan_off_heater_off,fan_off_heater_off,0.99875724
0,0,fan_off_heater_off,fan_off_heater_off,1.0
0,0,fan_off_heater_off,fan_off_heater_off,1.0
0,0,fan_off_heater_off,fan_off_heater_off,0.9999993
0,0,fan_off_heater_off,fan_off_heater_off,0.9999862
0,0,fan_off_heater_off,fan_off_heater_off,1.0
0,0,fan_off_heater_off,fan_off_heater_off,1.0
0,0,fan_off_heater_off,fan_off_heater_off,1.0
0,0,fan_off_heater_off,fan_off_heater_off,1.0
0,0,fan_off_heater_off,fan_off_heater_off,1.0
0,0,fan_off_heater_off,fan_off_heater_off,1.0
0,0,fan_off_heater_off,fan_off_heater_off,0.9999989
0,0,fan_off_heater_off,fan_off_heater_off,1.0
0,0,fan_off_heater_off,fan_off_heater_off,1.0
0,0,fan_off_heater_off,fan_off_heater_off,1.0
0,0,fan_off_heater_off,fan_off_heater_off,1.0
0,0,fan_off_heater_off,fan_off_heater_off,1.0
0,0,fan_off_heater_off,fan_off_heater_off,0.81034994
0,0,fan_off_heater_off,fan_off_heater_off,1.0
0,0,fan_off_heater_off,fan_off_heater_off,1.0
0,0,fan_off_heater_off,fan_off_heater_off,1.0
0,0,fan_off_heater_off,fan_off_heater_off,1.0
0,0,fan_off_heater_off,fan_off_heater_off,0.9999105
0,0,fan_off_heater_off,fan_off_heater_off,1.0
0,0,fan_off_heater_off,fan_off_heater_off,0.9999999
0,0,fan_off_heater_off,fan_off_heater_off,1.0
0,0,fan_off_heater_off,fan_off_heater_off,0.9999999
1,1,fan_off_heater_on,fan_off_heater_on,0.96677333
0,0,fan_off_heater_off,fan_off_heater_off,1.0
0,0,fan_off_heater_off,fan_off_heater_off,1.0
0,0,fan_off_heater_off,fan_off_heater_off,0.963011
0,0,fan_off_heater_off,fan_off_heater_off,1.0
0,0,fan_off_heater_off,fan_off_heater_off,1.0
0,0,fan_off_heater_off,fan_off_heater_off,0.99981767
0,0,fan_off_heater_off,fan_off_heater_off,1.0
0,0,fan_off_heater_off,fan_off_heater_off,1.0
0,0,fan_off_heater_off,fan_off_heater_off,0.98874986
0,0,fan_off_heater_off,fan_off_heater_off,1.0
0,0,fan_off_heater_off,fan_off_heater_off,1.0
0,0,fan_off_heater_off,fan_off_heater_off,1.0
0,0,fan_off_heater_off,fan_off_heater_off,1.0
0,0,fan_off_heater_off,fan_off_heater_off,1.0
0,0,fan_off_heater_off,fan_off_heater_off,1.0
0,0,fan_off_heater_off,fan_off_heater_off,1.0
0,0,fan_off_heater_off,fan_off_heater_off,1.0
0,0,fan_off_heater_off,fan_off_heater_off,1.0
0,0,fan_off_heater_off,fan_off_heater_off,0.99999475
0,0,fan_off_heater_off,fan_off_heater_off,1.0
0,0,fan_off_heater_off,fan_off_heater_off,1.0
0,0,fan_off_heater_off,fan_off_heater_off,1.0
0,0,fan_off_heater_off,fan_off_heater_off,1.0
0,0,fan_off_heater_off,fan_off_heater_off,0.9999044
0,0,fan_off_heater_off,fan_off_heater_off,0.9999999
0,0,fan_off_heater_off,fan_off_heater_off,1.0
0,0,fan_off_heater_off,fan_off_heater_off,0.9999999
0,0,fan_off_heater_off,fan_off_heater_off,0.9999833
0,0,fan_off_heater_off,fan_off_heater_off,0.99719125
0,0,fan_off_heater_off,fan_off_heater_off,0.99999917
0,0,fan_off_heater_off,fan_off_heater_off,1.0
0,0,fan_off_heater_off,fan_off_heater_off,0.9999956
0,0,fan_off_heater_off,fan_off_heater_off,1.0
0,0,fan_off_heater_off,fan_off_heater_off,1.0
0,0,fan_off_heater_off,fan_off_heater_off,1.0
0,0,fan_off_heater_off,fan_off_heater_off,1.0
0,0,fan_off_heater_off,fan_off_heater_off,0.99975854
0,0,fan_off_heater_off,fan_off_heater_off,1.0
0,0,fan_off_heater_off,fan_off_heater_off,1.0
0,0,fan_off_heater_off,fan_off_heater_off,1.0
0,0,fan_off_heater_off,fan_off_heater_off,1.0
0,0,fan_off_heater_off,fan_off_heater_off,0.99999905
0,0,fan_off_heater_off,fan_off_heater_off,1.0
0,0,fan_off_heater_off,fan_off_heater_off,1.0
0,0,fan_off_heater_off,fan_off_heater_off,1.0
0,0,fan_off_heater_off,fan_off_heater_off,0.99863005
0,0,fan_off_heater_off,fan_off_heater_off,1.0
0,0,fan_off_heater_off,fan_off_heater_off,1.0
0,0,fan_off_heater_off,fan_off_heater_off,1.0
0,0,fan_off_heater_off,fan_off_heater_off,1.0
0,0,fan_off_heater_off,fan_off_heater_off,1.0
0,0,fan_off_heater_off,fan_off_heater_off,1.0
0,0,fan_off_heater_off,fan_off_heater_off,1.0
0,0,fan_off_heater_off,fan_off_heater_off,1.0
0,0,fan_off_heater_off,fan_off_heater_off,0.9999938
0,0,fan_off_heater_off,fan_off_heater_off,1.0
0,0,fan_off_heater_off,fan_off_heater_off,0.9999999
0,0,fan_off_heater_off,fan_off_heater_off,1.0
0,0,fan_off_heater_off,fan_off_heater_off,1.0
0,0,fan_off_heater_off,fan_off_heater_off,0.9998154
0,0,fan_off_heater_off,fan_off_heater_off,1.0
0,0,fan_off_heater_off,fan_off_heater_off,0.9372954
0,0,fan_off_heater_off,fan_off_heater_off,0.99893206
0,0,fan_off_heater_off,fan_off_heater_off,1.0
0,0,fan_off_heater_off,fan_off_heater_off,1.0
0,0,fan_off_heater_off,fan_off_heater_off,0.9992217
0,0,fan_off_heater_off,fan_off_heater_off,0.999997
0,0,fan_off_heater_off,fan_off_heater_off,1.0
0,0,fan_off_heater_off,fan_off_heater_off,1.0
0,0,fan_off_heater_off,fan_off_heater_off,1.0
0,0,fan_off_heater_off,fan_off_heater_off,1.0
0,0,fan_off_heater_off,fan_off_heater_off,1.0
0,0,fan_off_heater_off,fan_off_heater_off,0.9999893
0,0,fan_off_heater_off,fan_off_heater_off,1.0
0,0,fan_off_heater_off,fan_off_heater_off,1.0
0,0,fan_off_heater_off,fan_off_heater_off,0.9999988
0,0,fan_off_heater_off,fan_off_heater_off,1.0
0,0,fan_off_heater_off,fan_off_heater_off,1.0
0,0,fan_off_heater_off,fan_off_heater_off,1.0
0,0,fan_off_heater_off,fan_off_heater_off,0.9999598
0,0,fan_off_heater_off,fan_off_heater_off,1.0
0,0,fan_off_heater_off,fan_off_heater_off,1.0
0,0,fan_off_heater_off,fan_off_heater_off,1.0
2,2,fan_on_heater_off,fan_on_heater_off,0.999821
0,0,fan_off_heater_off,fan_off_heater_off,1.0
0,0,fan_off_heater_off,fan_off_heater_off,1.0
0,0,fan_off_heater_off,fan_off_heater_off,0.9942464
0,0,fan_off_heater_off,fan_off_heater_off,0.9918684
0,0,fan_off_heater_off,fan_off_heater_off,0.9969152
0,0,fan_off_heater_off,fan_off_heater_off,0.9999974
0,0,fan_off_heater_off,fan_off_heater_off,1.0
0,0,fan_off_heater_off,fan_off_heater_off,1.0
0,0,fan_off_heater_off,fan_off_heater_off,0.99999166
0,0,fan_off_heater_off,fan_off_heater_off,1.0
0,0,fan_off_heater_off,fan_off_heater_off,1.0
0,0,fan_off_heater_off,fan_off_heater_off,1.0
0,0,fan_off_heater_off,fan_off_heater_off,0.7992315
0,0,fan_off_heater_off,fan_off_heater_off,1.0
0,0,fan_off_heater_off,fan_off_heater_off,1.0
0,0,fan_off_heater_off,fan_off_heater_off,0.99830556
0,0,fan_off_heater_off,fan_off_heater_off,1.0
0,0,fan_off_heater_off,fan_off_heater_off,1.0
0,0,fan_off_heater_off,fan_off_heater_off,0.9794348
0,0,fan_off_heater_off,fan_off_heater_off,1.0
0,0,fan_off_heater_off,fan_off_heater_off,0.9970228
0,0,fan_off_heater_off,fan_off_heater_off,1.0
0,0,fan_off_heater_off,fan_off_heater_off,1.0
0,0,fan_off_heater_off,fan_off_heater_off,0.9997552
0,0,fan_off_heater_off,fan_off_heater_off,1.0
0,0,fan_off_heater_off,fan_off_heater_off,1.0
0,0,fan_off_heater_off,fan_off_heater_off,0.99999857
1,1,fan_off_heater_on,fan_off_heater_on,1.0
0,0,fan_off_heater_off,fan_off_heater_off,0.99999785
0,0,fan_off_heater_off,fan_off_heater_off,1.0
0,0,fan_off_heater_off,fan_off_heater_off,1.0
0,0,fan_off_heater_off,fan_off_heater_off,0.99997735
0,0,fan_off_heater_off,fan_off_heater_off,1.0
0,0,fan_off_heater_off,fan_off_heater_off,0.9999999
0,0,fan_off_heater_off,fan_off_heater_off,0.9999969
0,0,fan_off_heater_off,fan_off_heater_off,0.9999999
0,0,fan_off_heater_off,fan_off_heater_off,1.0
0,0,fan_off_heater_off,fan_off_heater_off,1.0
0,0,fan_off_heater_off,fan_off_heater_off,0.9999933
0,0,fan_off_heater_off,fan_off_heater_off,0.99939716
0,0,fan_off_heater_off,fan_off_heater_off,1.0
0,0,fan_off_heater_off,fan_off_heater_off,1.0
0,0,fan_off_heater_off,fan_off_heater_off,0.99990916
0,0,fan_off_heater_off,fan_off_heater_off,1.0
0,0,fan_off_heater_off,fan_off_heater_off,1.0
0,0,fan_off_heater_off,fan_off_heater_off,1.0
0,0,fan_off_heater_off,fan_off_heater_off,1.0
0,0,fan_off_heater_off,fan_off_heater_off,0.99999964
0,0,fan_off_heater_off,fan_off_heater_off,1.0
0,0,fan_off_heater_off,fan_off_heater_off,1.0
0,0,fan_off_heater_off,fan_off_heater_off,1.0
0,0,fan_off_heater_off,fan_off_heater_off,0.99999595
0,0,fan_off_heater_off,fan_off_heater_off,0.9999527
0,0,fan_off_heater_off,fan_off_heater_off,1.0
2,2,fan_on_heater_off,fan_on_heater_off,0.99997723
0,0,fan_off_heater_off,fan_off_heater_off,0.9978276
0,0,fan_off_heater_off,fan_off_heater_off,1.0
0,0,fan_off_heater_off,fan_off_heater_off,0.9973738
0,0,fan_off_heater_off,fan_off_heater_off,1.0
0,0,fan_off_heater_off,fan_off_heater_off,1.0
0,0,fan_off_heater_off,fan_off_heater_off,1.0
0,0,fan_off_heater_off,fan_off_heater_off,1.0
0,0,fan_off_heater_off,fan_off_heater_off,1.0
0,0,fan_off_heater_off,fan_off_heater_off,0.99982136
0,0,fan_off_heater_off,fan_off_heater_off,1.0
0,0,fan_off_heater_off,fan_off_heater_off,1.0
0,0,fan_off_heater_off,fan_off_heater_off,0.9985952
0,0,fan_off_heater_off,fan_off_heater_off,0.99999976
0,0,fan_off_heater_off,fan_off_heater_off,1.0
0,0,fan_off_heater_off,fan_off_heater_off,1.0
0,0,fan_off_heater_off,fan_off_heater_off,1.0
0,0,fan_off_heater_off,fan_off_heater_off,1.0
1,1,fan_off_heater_on,fan_off_heater_on,0.979934
0,0,fan_off_heater_off,fan_off_heater_off,1.0
0,0,fan_off_heater_off,fan_off_heater_off,1.0
0,0,fan_off_heater_off,fan_off_heater_off,1.0
0,0,fan_off_heater_off,fan_off_heater_off,1.0
0,0,fan_off_heater_off,fan_off_heater_off,1.0
0,0,fan_off_heater_off,fan_off_heater_off,0.99781454
0,0,fan_off_heater_off,fan_off_heater_off,0.99999964
0,0,fan_off_heater_off,fan_off_heater_off,1.0
0,2,fan_off_heater_off,fan_on_heater_off,0.99113584
0,0,fan_off_heater_off,fan_off_heater_off,1.0
0,0,fan_off_heater_off,fan_off_heater_off,0.9999995
0,0,fan_off_heater_off,fan_off_heater_off,0.9999944
0,0,fan_off_heater_off,fan_off_heater_off,0.9999994
0,0,fan_off_heater_off,fan_off_heater_off,0.9999919
0,0,fan_off_heater_off,fan_off_heater_off,1.0
0,0,fan_off_heater_off,fan_off_heater_off,1.0
0,0,fan_off_heater_off,fan_off_heater_off,0.99991965
0,0,fan_off_heater_off,fan_off_heater_off,0.9999844
0,0,fan_off_heater_off,fan_off_heater_off,1.0
0,0,fan_off_heater_off,fan_off_heater_off,1.0
0,0,fan_off_heater_off,fan_off_heater_off,0.99984574
0,0,fan_off_heater_off,fan_off_heater_off,1.0
0,0,fan_off_heater_off,fan_off_heater_off,1.0
0,0,fan_off_heater_off,fan_off_heater_off,1.0
0,0,fan_off_heater_off,fan_off_heater_off,0.99999917
0,0,fan_off_heater_off,fan_off_heater_off,1.0
0,0,fan_off_heater_off,fan_off_heater_off,1.0
0,0,fan_off_heater_off,fan_off_heater_off,0.992388
0,0,fan_off_heater_off,fan_off_heater_off,1.0
0,0,fan_off_heater_off,fan_off_heater_off,0.9999931
0,0,fan_off_heater_off,fan_off_heater_off,0.99999976
0,0,fan_off_heater_off,fan_off_heater_off,1.0
0,0,fan_off_heater_off,fan_off_heater_off,1.0
0,0,fan_off_heater_off,fan_off_heater_off,0.9999902
0,0,fan_off_heater_off,fan_off_heater_off,0.9999995
0,0,fan_off_heater_off,fan_off_heater_off,1.0
0,0,fan_off_heater_off,fan_off_heater_off,1.0
0,0,fan_off_heater_off,fan_off_heater_off,1.0
0,0,fan_off_heater_off,fan_off_heater_off,1.0
0,0,fan_off_heater_off,fan_off_heater_off,1.0
0,0,fan_off_heater_off,fan_off_heater_off,0.99999833
0,0,fan_off_heater_off,fan_off_heater_off,1.0
0,1,fan_off_heater_off,fan_off_heater_on,0.6382995
0,0,fan_off_heater_off,fan_off_heater_off,0.9944541
0,0,fan_off_heater_off,fan_off_heater_off,1.0
0,0,fan_off_heater_off,fan_off_heater_off,1.0
0,0,fan_off_heater_off,fan_off_heater_off,0.9870057
0,0,fan_off_heater_off,fan_off_heater_off,1.0
2,2,fan_on_heater_off,fan_on_heater_off,0.9999939
0,0,fan_off_heater_off,fan_off_heater_off,1.0
0,0,fan_off_heater_off,fan_off_heater_off,1.0
0,0,fan_off_heater_off,fan_off_heater_off,1.0
0,0,fan_off_heater_off,fan_off_heater_off,0.9999968
0,0,fan_off_heater_off,fan_off_heater_off,0.99985635
0,0,fan_off_heater_off,fan_off_heater_off,1.0
0,0,fan_off_heater_off,fan_off_heater_off,1.0
0,0,fan_off_heater_off,fan_off_heater_off,1.0
0,0,fan_off_heater_off,fan_off_heater_off,0.9999993
0,0,fan_off_heater_off,fan_off_heater_off,1.0
0,0,fan_off_heater_off,fan_off_heater_off,1.0
0,0,fan_off_heater_off,fan_off_heater_off,1.0
0,0,fan_off_heater_off,fan_off_heater_off,1.0
0,0,fan_off_heater_off,fan_off_heater_off,1.0
0,0,fan_off_heater_off,fan_off_heater_off,0.99857366
0,0,fan_off_heater_off,fan_off_heater_off,0.99749714
0,0,fan_off_heater_off,fan_off_heater_off,1.0
0,0,fan_off_heater_off,fan_off_heater_off,1.0
0,0,fan_off_heater_off,fan_off_heater_off,0.99999976
0,0,fan_off_heater_off,fan_off_heater_off,0.9999999
0,0,fan_off_heater_off,fan_off_heater_off,1.0
0,0,fan_off_heater_off,fan_off_heater_off,1.0
0,0,fan_off_heater_off,fan_off_heater_off,0.9999393
0,0,fan_off_heater_off,fan_off_heater_off,0.99999964
0,0,fan_off_heater_off,fan_off_heater_off,1.0
0,0,fan_off_heater_off,fan_off_heater_off,1.0
0,0,fan_off_heater_off,fan_off_heater_off,0.99999964
0,0,fan_off_heater_off,fan_off_heater_off,0.99689734
0,0,fan_off_heater_off,fan_off_heater_off,1.0
0,0,fan_off_heater_off,fan_off_heater_off,1.0
0,0,fan_off_heater_off,fan_off_heater_off,0.7548898
0,0,fan_off_heater_off,fan_off_heater_off,0.95963675
0,0,fan_off_heater_off,fan_off_heater_off,1.0
0,0,fan_off_heater_off,fan_off_heater_off,1.0
0,0,fan_off_heater_off,fan_off_heater_off,1.0
0,0,fan_off_heater_off,fan_off_heater_off,0.99997866
0,0,fan_off_heater_off,fan_off_heater_off,0.9999999
2,2,fan_on_heater_off,fan_on_heater_off,0.99966896
0,0,fan_off_heater_off,fan_off_heater_off,1.0
0,0,fan_off_heater_off,fan_off_heater_off,1.0
0,0,fan_off_heater_off,fan_off_heater_off,1.0
0,0,fan_off_heater_off,fan_off_heater_off,1.0
0,0,fan_off_heater_off,fan_off_heater_off,0.99996066
0,0,fan_off_heater_off,fan_off_heater_off,1.0
0,0,fan_off_heater_off,fan_off_heater_off,0.9975598
0,0,fan_off_heater_off,fan_off_heater_off,0.9999995
0,0,fan_off_heater_off,fan_off_heater_off,0.99999726
0,0,fan_off_heater_off,fan_off_heater_off,0.9999988
0,0,fan_off_heater_off,fan_off_heater_off,0.9986313
0,0,fan_off_heater_off,fan_off_heater_off,0.9999944
0,0,fan_off_heater_off,fan_off_heater_off,1.0
0,0,fan_off_heater_off,fan_off_heater_off,1.0
0,0,fan_off_heater_off,fan_off_heater_off,0.9999757
0,0,fan_off_heater_off,fan_off_heater_off,0.99999964
0,0,fan_off_heater_off,fan_off_heater_off,1.0
0,0,fan_off_heater_off,fan_off_heater_off,1.0
0,0,fan_off_heater_off,fan_off_heater_off,0.99999964
0,0,fan_off_heater_off,fan_off_heater_off,1.0
0,0,fan_off_heater_off,fan_off_heater_off,0.55185163
0,0,fan_off_heater_off,fan_off_heater_off,0.99999917
0,0,fan_off_heater_off,fan_off_heater_off,0.96921384
0,0,fan_off_heater_off,fan_off_heater_off,0.99673504
0,0,fan_off_heater_off,fan_off_heater_off,0.9999801
0,0,fan_off_heater_off,fan_off_heater_off,0.9312961
0,0,fan_off_heater_off,fan_off_heater_off,1.0
0,0,fan_off_heater_off,fan_off_heater_off,1.0
0,0,fan_off_heater_off,fan_off_heater_off,1.0
0,0,fan_off_heater_off,fan_off_heater_off,0.999959
0,0,fan_off_heater_off,fan_off_heater_off,0.9991289
0,0,fan_off_heater_off,fan_off_heater_off,0.9998404
0,0,fan_off_heater_off,fan_off_heater_off,1.0
0,0,fan_off_heater_off,fan_off_heater_off,0.99207765
0,0,fan_off_heater_off,fan_off_heater_off,0.9999999
0,0,fan_off_heater_off,fan_off_heater_off,1.0
0,0,fan_off_heater_off,fan_off_heater_off,0.9990829
0,0,fan_off_heater_off,fan_off_heater_off,1.0
0,0,fan_off_heater_off,fan_off_heater_off,0.9999999
0,0,fan_off_heater_off,fan_off_heater_off,1.0
0,0,fan_off_heater_off,fan_off_heater_off,0.57159823
0,0,fan_off_heater_off,fan_off_heater_off,0.9999901
0,0,fan_off_heater_off,fan_off_heater_off,1.0
0,0,fan_off_heater_off,fan_off_heater_off,1.0
0,0,fan_off_heater_off,fan_off_heater_off,0.9961504
0,0,fan_off_heater_off,fan_off_heater_off,1.0
0,0,fan_off_heater_off,fan_off_heater_off,1.0
0,0,fan_off_heater_off,fan_off_heater_off,1.0
0,0,fan_off_heater_off,fan_off_heater_off,1.0
0,0,fan_off_heater_off,fan_off_heater_off,1.0
0,0,fan_off_heater_off,fan_off_heater_off,1.0
0,0,fan_off_heater_off,fan_off_heater_off,0.9999999
0,0,fan_off_heater_off,fan_off_heater_off,1.0
0,0,fan_off_heater_off,fan_off_heater_off,1.0
0,0,fan_off_heater_off,fan_off_heater_off,0.9999883
0,0,fan_off_heater_off,fan_off_heater_off,1.0
0,0,fan_off_heater_off,fan_off_heater_off,0.9999995
0,0,fan_off_heater_off,fan_off_heater_off,1.0
0,0,fan_off_heater_off,fan_off_heater_off,0.9999999
0,0,fan_off_heater_off,fan_off_heater_off,1.0
0,0,fan_off_heater_off,fan_off_heater_off,1.0
0,0,fan_off_heater_off,fan_off_heater_off,1.0
0,0,fan_off_heater_off,fan_off_heater_off,1.0
0,0,fan_off_heater_off,fan_off_heater_off,0.9994854
0,0,fan_off_heater_off,fan_off_heater_off,1.0
0,0,fan_off_heater_off,fan_off_heater_off,0.99635065
0,0,fan_off_heater_off,fan_off_heater_off,0.9999999
0,0,fan_off_heater_off,fan_off_heater_off,1.0
0,0,fan_off_heater_off,fan_off_heater_off,1.0
0,1,fan_off_heater_off,fan_off_heater_on,0.9752099
0,0,fan_off_heater_off,fan_off_heater_off,0.99992347
0,0,fan_off_heater_off,fan_off_heater_off,1.0
0,0,fan_off_heater_off,fan_off_heater_off,1.0
0,0,fan_off_heater_off,fan_off_heater_off,1.0
0,0,fan_off_heater_off,fan_off_heater_off,1.0
0,0,fan_off_heater_off,fan_off_heater_off,0.9999999
0,0,fan_off_heater_off,fan_off_heater_off,1.0
0,0,fan_off_heater_off,fan_off_heater_off,0.9978047
0,0,fan_off_heater_off,fan_off_heater_off,1.0
0,0,fan_off_heater_off,fan_off_heater_off,0.9820502
0,0,fan_off_heater_off,fan_off_heater_off,0.935749
0,0,fan_off_heater_off,fan_off_heater_off,0.9987948
0,0,fan_off_heater_off,fan_off_heater_off,0.99968946
0,0,fan_off_heater_off,fan_off_heater_off,1.0
0,0,fan_off_heater_off,fan_off_heater_off,0.9995876
0,0,fan_off_heater_off,fan_off_heater_off,0.99931335
0,0,fan_off_heater_off,fan_off_heater_off,0.99987054
0,0,fan_off_heater_off,fan_off_heater_off,1.0
0,0,fan_off_heater_off,fan_off_heater_off,1.0
0,0,fan_off_heater_off,fan_off_heater_off,1.0
0,0,fan_off_heater_off,fan_off_heater_off,1.0
0,0,fan_off_heater_off,fan_off_heater_off,1.0
0,0,fan_off_heater_off,fan_off_heater_off,1.0
0,0,fan_off_heater_off,fan_off_heater_off,0.9996159
0,0,fan_off_heater_off,fan_off_heater_off,1.0
0,0,fan_off_heater_off,fan_off_heater_off,0.9779393
2,2,fan_on_heater_off,fan_on_heater_off,0.9999963
0,0,fan_off_heater_off,fan_off_heater_off,1.0
0,0,fan_off_heater_off,fan_off_heater_off,0.9999995
0,0,fan_off_heater_off,fan_off_heater_off,0.99999607
0,0,fan_off_heater_off,fan_off_heater_off,0.99994636
1,1,fan_off_heater_on,fan_off_heater_on,0.9999306
0,0,fan_off_heater_off,fan_off_heater_off,0.9999286
0,0,fan_off_heater_off,fan_off_heater_off,0.9757687
0,0,fan_off_heater_off,fan_off_heater_off,1.0
0,0,fan_off_heater_off,fan_off_heater_off,1.0
0,0,fan_off_heater_off,fan_off_heater_off,0.99997735
0,0,fan_off_heater_off,fan_off_heater_off,0.99999917
0,0,fan_off_heater_off,fan_off_heater_off,1.0
0,0,fan_off_heater_off,fan_off_heater_off,1.0
0,0,fan_off_heater_off,fan_off_heater_off,1.0
0,0,fan_off_heater_off,fan_off_heater_off,1.0
0,0,fan_off_heater_off,fan_off_heater_off,0.99998546
0,0,fan_off_heater_off,fan_off_heater_off,1.0
0,0,fan_off_heater_off,fan_off_heater_off,0.9999937
0,0,fan_off_heater_off,fan_off_heater_off,1.0
0,0,fan_off_heater_off,fan_off_heater_off,0.9999416
0,0,fan_off_heater_off,fan_off_heater_off,1.0
0,0,fan_off_heater_off,fan_off_heater_off,1.0
0,0,fan_off_heater_off,fan_off_heater_off,0.99999666
0,0,fan_off_heater_off,fan_off_heater_off,0.999998
0,0,fan_off_heater_off,fan_off_heater_off,0.99999595
0,0,fan_off_heater_off,fan_off_heater_off,0.99999213
0,0,fan_off_heater_off,fan_off_heater_off,1.0
0,0,fan_off_heater_off,fan_off_heater_off,0.99937505
0,2,fan_off_heater_off,fan_on_heater_off,0.7555644
0,0,fan_off_heater_off,fan_off_heater_off,1.0
0,0,fan_off_heater_off,fan_off_heater_off,0.9999999
0,0,fan_off_heater_off,fan_off_heater_off,1.0
0,0,fan_off_heater_off,fan_off_heater_off,0.99999774
0,0,fan_off_heater_off,fan_off_heater_off,0.9999957
0,0,fan_off_heater_off,fan_off_heater_off,0.9999999
1,1,fan_off_heater_on,fan_off_heater_on,0.9999994
0,0,fan_off_heater_off,fan_off_heater_off,1.0
0,0,fan_off_heater_off,fan_off_heater_off,1.0
0,0,fan_off_heater_off,fan_off_heater_off,0.99990106
0,0,fan_off_heater_off,fan_off_heater_off,1.0
0,0,fan_off_heater_off,fan_off_heater_off,0.9999229
0,0,fan_off_heater_off,fan_off_heater_off,1.0
0,0,fan_off_heater_off,fan_off_heater_off,1.0
0,0,fan_off_heater_off,fan_off_heater_off,1.0
0,0,fan_off_heater_off,fan_off_heater_off,1.0
0,0,fan_off_heater_off,fan_off_heater_off,1.0
0,0,fan_off_heater_off,fan_off_heater_off,1.0
0,0,fan_off_heater_off,fan_off_heater_off,0.98886114
0,0,fan_off_heater_off,fan_off_heater_off,0.9999671
0,0,fan_off_heater_off,fan_off_heater_off,1.0
0,0,fan_off_heater_off,fan_off_heater_off,0.99988055
0,0,fan_off_heater_off,fan_off_heater_off,1.0
0,0,fan_off_heater_off,fan_off_heater_off,1.0
0,0,fan_off_heater_off,fan_off_heater_off,1.0
0,0,fan_off_heater_off,fan_off_heater_off,0.9999999
0,0,fan_off_heater_off,fan_off_heater_off,0.999997
0,0,fan_off_heater_off,fan_off_heater_off,1.0
0,0,fan_off_heater_off,fan_off_heater_off,1.0
0,0,fan_off_heater_off,fan_off_heater_off,1.0
0,0,fan_off_heater_off,fan_off_heater_off,0.9993691
0,0,fan_off_heater_off,fan_off_heater_off,0.99996305
0,0,fan_off_heater_off,fan_off_heater_off,1.0
0,0,fan_off_heater_off,fan_off_heater_off,0.99999917
0,0,fan_off_heater_off,fan_off_heater_off,1.0
0,0,fan_off_heater_off,fan_off_heater_off,1.0
0,0,fan_off_heater_off,fan_off_heater_off,0.9999962
0,0,fan_off_heater_off,fan_off_heater_off,0.99993694
0,0,fan_off_heater_off,fan_off_heater_off,1.0
0,0,fan_off_heater_off,fan_off_heater_off,1.0
0,0,fan_off_heater_off,fan_off_heater_off,1.0
0,0,fan_off_heater_off,fan_off_heater_off,1.0
0,0,fan_off_heater_off,fan_off_heater_off,1.0
0,0,fan_off_heater_off,fan_off_heater_off,1.0
0,0,fan_off_heater_off,fan_off_heater_off,1.0
1,1,fan_off_heater_on,fan_off_heater_on,0.999984
0,0,fan_off_heater_off,fan_off_heater_off,1.0
0,0,fan_off_heater_off,fan_off_heater_off,1.0
0,0,fan_off_heater_off,fan_off_heater_off,1.0
0,0,fan_off_heater_off,fan_off_heater_off,0.99989223
0,0,fan_off_heater_off,fan_off_heater_off,0.99668425
0,0,fan_off_heater_off,fan_off_heater_off,1.0
0,0,fan_off_heater_off,fan_off_heater_off,1.0
0,0,fan_off_heater_off,fan_off_heater_off,1.0
0,0,fan_off_heater_off,fan_off_heater_off,0.907706
2,2,fan_on_heater_off,fan_on_heater_off,0.9999466
0,0,fan_off_heater_off,fan_off_heater_off,1.0
0,0,fan_off_heater_off,fan_off_heater_off,0.99999774
0,0,fan_off_heater_off,fan_off_heater_off,1.0
0,0,fan_off_heater_off,fan_off_heater_off,1.0
0,0,fan_off_heater_off,fan_off_heater_off,1.0
0,0,fan_off_heater_off,fan_off_heater_off,1.0
0,0,fan_off_heater_off,fan_off_heater_off,1.0
0,0,fan_off_heater_off,fan_off_heater_off,0.9999994
0,0,fan_off_heater_off,fan_off_heater_off,1.0
0,0,fan_off_heater_off,fan_off_heater_off,1.0
0,0,fan_off_heater_off,fan_off_heater_off,1.0
0,0,fan_off_heater_off,fan_off_heater_off,1.0
0,0,fan_off_heater_off,fan_off_heater_off,1.0
0,0,fan_off_heater_off,fan_off_heater_off,1.0
0,0,fan_off_heater_off,fan_off_heater_off,1.0
0,0,fan_off_heater_off,fan_off_heater_off,0.99999976
0,0,fan_off_heater_off,fan_off_heater_off,1.0
0,0,fan_off_heater_off,fan_off_heater_off,0.98135525
0,0,fan_off_heater_off,fan_off_heater_off,0.99994564
0,0,fan_off_heater_off,fan_off_heater_off,0.9999908
0,0,fan_off_heater_off,fan_off_heater_off,1.0
0,0,fan_off_heater_off,fan_off_heater_off,1.0
0,0,fan_off_heater_off,fan_off_heater_off,0.9999889
2,2,fan_on_heater_off,fan_on_heater_off,0.9655231
0,0,fan_off_heater_off,fan_off_heater_off,0.998988
0,0,fan_off_heater_off,fan_off_heater_off,1.0
0,0,fan_off_heater_off,fan_off_heater_off,1.0
0,0,fan_off_heater_off,fan_off_heater_off,0.99985456
0,0,fan_off_heater_off,fan_off_heater_off,1.0
0,0,fan_off_heater_off,fan_off_heater_off,0.98757905
0,0,fan_off_heater_off,fan_off_heater_off,0.99999905
0,0,fan_off_heater_off,fan_off_heater_off,1.0
0,0,fan_off_heater_off,fan_off_heater_off,0.9999995
0,0,fan_off_heater_off,fan_off_heater_off,1.0
1,1,fan_off_heater_on,fan_off_heater_on,0.99999785
0,0,fan_off_heater_off,fan_off_heater_off,0.99999917
0,0,fan_off_heater_off,fan_off_heater_off,1.0
0,0,fan_off_heater_off,fan_off_heater_off,0.99999976
0,0,fan_off_heater_off,fan_off_heater_off,1.0
0,0,fan_off_heater_off,fan_off_heater_off,0.9999851
2,2,fan_on_heater_off,fan_on_heater_off,0.9999827
0,0,fan_off_heater_off,fan_off_heater_off,0.9999964
0,0,fan_off_heater_off,fan_off_heater_off,1.0
0,0,fan_off_heater_off,fan_off_heater_off,0.99998987
0,0,fan_off_heater_off,fan_off_heater_off,1.0
0,0,fan_off_heater_off,fan_off_heater_off,0.9999999
0,0,fan_off_heater_off,fan_off_heater_off,1.0
1,1,fan_off_heater_on,fan_off_heater_on,1.0
0,0,fan_off_heater_off,fan_off_heater_off,1.0
0,0,fan_off_heater_off,fan_off_heater_off,1.0
0,0,fan_off_heater_off,fan_off_heater_off,1.0
0,0,fan_off_heater_off,fan_off_heater_off,1.0
0,0,fan_off_heater_off,fan_off_heater_off,0.9999988
0,0,fan_off_heater_off,fan_off_heater_off,1.0
0,0,fan_off_heater_off,fan_off_heater_off,0.99946326
0,0,fan_off_heater_off,fan_off_heater_off,1.0
0,0,fan_off_heater_off,fan_off_heater_off,1.0
0,0,fan_off_heater_off,fan_off_heater_off,1.0
0,0,fan_off_heater_off,fan_off_heater_off,0.9910125
0,0,fan_off_heater_off,fan_off_heater_off,0.9961583
0,0,fan_off_heater_off,fan_off_heater_off,0.9999801
0,0,fan_off_heater_off,fan_off_heater_off,1.0
0,0,fan_off_heater_off,fan_off_heater_off,1.0
0,0,fan_off_heater_off,fan_off_heater_off,1.0
0,0,fan_off_heater_off,fan_off_heater_off,1.0
0,0,fan_off_heater_off,fan_off_heater_off,1.0
0,0,fan_off_heater_off,fan_off_heater_off,1.0
0,0,fan_off_heater_off,fan_off_heater_off,0.9951042
0,0,fan_off_heater_off,fan_off_heater_off,1.0
0,0,fan_off_heater_off,fan_off_heater_off,0.99999976
0,0,fan_off_heater_off,fan_off_heater_off,1.0
0,0,fan_off_heater_off,fan_off_heater_off,0.9999999
0,0,fan_off_heater_off,fan_off_heater_off,0.88498145
0,0,fan_off_heater_off,fan_off_heater_off,1.0
2,2,fan_on_heater_off,fan_on_heater_off,0.99998784
0,0,fan_off_heater_off,fan_off_heater_off,0.796039
0,0,fan_off_heater_off,fan_off_heater_off,1.0
0,0,fan_off_heater_off,fan_off_heater_off,0.99986625
0,0,fan_off_heater_off,fan_off_heater_off,1.0
0,0,fan_off_heater_off,fan_off_heater_off,1.0
0,0,fan_off_heater_off,fan_off_heater_off,1.0
0,0,fan_off_heater_off,fan_off_heater_off,1.0
0,0,fan_off_heater_off,fan_off_heater_off,1.0
0,0,fan_off_heater_off,fan_off_heater_off,1.0
0,0,fan_off_heater_off,fan_off_heater_off,1.0
0,0,fan_off_heater_off,fan_off_heater_off,1.0
0,0,fan_off_heater_off,fan_off_heater_off,1.0
0,0,fan_off_heater_off,fan_off_heater_off,1.0
0,0,fan_off_heater_off,fan_off_heater_off,0.99993455
0,0,fan_off_heater_off,fan_off_heater_off,1.0
2,2,fan_on_heater_off,fan_on_heater_off,0.9999602
0,0,fan_off_heater_off,fan_off_heater_off,0.99999726
0,0,fan_off_heater_off,fan_off_heater_off,1.0
0,0,fan_off_heater_off,fan_off_heater_off,1.0
0,0,fan_off_heater_off,fan_off_heater_off,1.0
0,0,fan_off_heater_off,fan_off_heater_off,1.0
0,0,fan_off_heater_off,fan_off_heater_off,1.0
0,0,fan_off_heater_off,fan_off_heater_off,1.0
0,0,fan_off_heater_off,fan_off_heater_off,1.0
0,0,fan_off_heater_off,fan_off_heater_off,1.0
0,0,fan_off_heater_off,fan_off_heater_off,1.0
0,0,fan_off_heater_off,fan_off_heater_off,1.0
0,0,fan_off_heater_off,fan_off_heater_off,1.0
0,0,fan_off_heater_off,fan_off_heater_off,1.0
2,2,fan_on_heater_off,fan_on_heater_off,0.9999993
0,0,fan_off_heater_off,fan_off_heater_off,1.0
0,0,fan_off_heater_off,fan_off_heater_off,0.9976271
0,0,fan_off_heater_off,fan_off_heater_off,0.94267493
0,0,fan_off_heater_off,fan_off_heater_off,1.0
0,0,fan_off_heater_off,fan_off_heater_off,0.9999999
0,0,fan_off_heater_off,fan_off_heater_off,1.0
0,0,fan_off_heater_off,fan_off_heater_off,1.0
0,0,fan_off_heater_off,fan_off_heater_off,0.9998908
0,0,fan_off_heater_off,fan_off_heater_off,0.9998808
0,0,fan_off_heater_off,fan_off_heater_off,1.0
0,0,fan_off_heater_off,fan_off_heater_off,1.0
0,0,fan_off_heater_off,fan_off_heater_off,1.0
0,0,fan_off_heater_off,fan_off_heater_off,1.0
0,0,fan_off_heater_off,fan_off_heater_off,0.9732084
1,1,fan_off_heater_on,fan_off_heater_on,0.9999993
0,0,fan_off_heater_off,fan_off_heater_off,0.999998
0,0,fan_off_heater_off,fan_off_heater_off,0.9999993
0,0,fan_off_heater_off,fan_off_heater_off,1.0
0,0,fan_off_heater_off,fan_off_heater_off,0.99999976
0,0,fan_off_heater_off,fan_off_heater_off,1.0
0,0,fan_off_heater_off,fan_off_heater_off,1.0
0,0,fan_off_heater_off,fan_off_heater_off,1.0
0,0,fan_off_heater_off,fan_off_heater_off,1.0
0,0,fan_off_heater_off,fan_off_heater_off,1.0
0,0,fan_off_heater_off,fan_off_heater_off,1.0
0,0,fan_off_heater_off,fan_off_heater_off,0.9999975
0,0,fan_off_heater_off,fan_off_heater_off,1.0
0,0,fan_off_heater_off,fan_off_heater_off,0.9999939
0,0,fan_off_heater_off,fan_off_heater_off,1.0
0,0,fan_off_heater_off,fan_off_heater_off,1.0
0,0,fan_off_heater_off,fan_off_heater_off,1.0
0,0,fan_off_heater_off,fan_off_heater_off,0.9999989
2,2,fan_on_heater_off,fan_on_heater_off,0.99991965
0,0,fan_off_heater_off,fan_off_heater_off,0.9999614
0,0,fan_off_heater_off,fan_off_heater_off,1.0
0,0,fan_off_heater_off,fan_off_heater_off,0.9999869
0,0,fan_off_heater_off,fan_off_heater_off,1.0
0,0,fan_off_heater_off,fan_off_heater_off,1.0
0,0,fan_off_heater_off,fan_off_heater_off,1.0
0,0,fan_off_heater_off,fan_off_heater_off,0.9986185
0,0,fan_off_heater_off,fan_off_heater_off,1.0
0,0,fan_off_heater_off,fan_off_heater_off,0.9999999
0,0,fan_off_heater_off,fan_off_heater_off,0.99999964
0,0,fan_off_heater_off,fan_off_heater_off,1.0
1,1,fan_off_heater_on,fan_off_heater_on,0.9999999
0,0,fan_off_heater_off,fan_off_heater_off,1.0
0,0,fan_off_heater_off,fan_off_heater_off,0.9972691
0,0,fan_off_heater_off,fan_off_heater_off,1.0
0,0,fan_off_heater_off,fan_off_heater_off,1.0
0,0,fan_off_heater_off,fan_off_heater_off,0.99999094
0,0,fan_off_heater_off,fan_off_heater_off,1.0
0,0,fan_off_heater_off,fan_off_heater_off,1.0
2,2,fan_on_heater_off,fan_on_heater_off,0.9999356
0,0,fan_off_heater_off,fan_off_heater_off,0.9999999
0,0,fan_off_heater_off,fan_off_heater_off,1.0
0,0,fan_off_heater_off,fan_off_heater_off,1.0
0,0,fan_off_heater_off,fan_off_heater_off,1.0
0,2,fan_off_heater_off,fan_on_heater_off,0.9205717
0,0,fan_off_heater_off,fan_off_heater_off,1.0
0,0,fan_off_heater_off,fan_off_heater_off,1.0
0,0,fan_off_heater_off,fan_off_heater_off,1.0
0,0,fan_off_heater_off,fan_off_heater_off,0.9999498
0,0,fan_off_heater_off,fan_off_heater_off,1.0
0,0,fan_off_heater_off,fan_off_heater_off,1.0
0,0,fan_off_heater_off,fan_off_heater_off,0.9996817
0,0,fan_off_heater_off,fan_off_heater_off,0.9998338
0,0,fan_off_heater_off,fan_off_heater_off,1.0
0,0,fan_off_heater_off,fan_off_heater_off,0.99999344
0,0,fan_off_heater_off,fan_off_heater_off,1.0
0,0,fan_off_heater_off,fan_off_heater_off,1.0
0,0,fan_off_heater_off,fan_off_heater_off,1.0
2,2,fan_on_heater_off,fan_on_heater_off,0.9999087
0,0,fan_off_heater_off,fan_off_heater_off,1.0
0,0,fan_off_heater_off,fan_off_heater_off,1.0
0,0,fan_off_heater_off,fan_off_heater_off,1.0
0,0,fan_off_heater_off,fan_off_heater_off,1.0
0,0,fan_off_heater_off,fan_off_heater_off,0.99999905
0,0,fan_off_heater_off,fan_off_heater_off,1.0
0,0,fan_off_heater_off,fan_off_heater_off,1.0
0,0,fan_off_heater_off,fan_off_heater_off,1.0
0,0,fan_off_heater_off,fan_off_heater_off,1.0
0,0,fan_off_heater_off,fan_off_heater_off,1.0
0,0,fan_off_heater_off,fan_off_heater_off,0.99999964
0,0,fan_off_heater_off,fan_off_heater_off,0.99738544
0,0,fan_off_heater_off,fan_off_heater_off,1.0
0,0,fan_off_heater_off,fan_off_heater_off,1.0
0,0,fan_off_heater_off,fan_off_heater_off,1.0
0,0,fan_off_heater_off,fan_off_heater_off,1.0
0,0,fan_off_heater_off,fan_off_heater_off,0.9999976
2,2,fan_on_heater_off,fan_on_heater_off,0.9999496
0,0,fan_off_heater_off,fan_off_heater_off,1.0
0,0,fan_off_heater_off,fan_off_heater_off,1.0
0,0,fan_off_heater_off,fan_off_heater_off,0.9998921
0,0,fan_off_heater_off,fan_off_heater_off,1.0
0,0,fan_off_heater_off,fan_off_heater_off,0.99998045
0,0,fan_off_heater_off,fan_off_heater_off,1.0
0,0,fan_off_heater_off,fan_off_heater_off,1.0
1,1,fan_off_heater_on,fan_off_heater_on,0.9999654
0,0,fan_off_heater_off,fan_off_heater_off,0.99998605
0,0,fan_off_heater_off,fan_off_heater_off,0.99999976
0,0,fan_off_heater_off,fan_off_heater_off,1.0
0,0,fan_off_heater_off,fan_off_heater_off,1.0
0,0,fan_off_heater_off,fan_off_heater_off,1.0
0,0,fan_off_heater_off,fan_off_heater_off,1.0
0,0,fan_off_heater_off,fan_off_heater_off,1.0
0,0,fan_off_heater_off,fan_off_heater_off,0.99999976
0,0,fan_off_heater_off,fan_off_heater_off,1.0
0,0,fan_off_heater_off,fan_off_heater_off,1.0
0,0,fan_off_heater_off,fan_off_heater_off,0.99999976
1,1,fan_off_heater_on,fan_off_heater_on,0.9999205
0,0,fan_off_heater_off,fan_off_heater_off,0.9533065
0,0,fan_off_heater_off,fan_off_heater_off,1.0
0,0,fan_off_heater_off,fan_off_heater_off,1.0
0,0,fan_off_heater_off,fan_off_heater_off,1.0
0,0,fan_off_heater_off,fan_off_heater_off,0.99994755
0,0,fan_off_heater_off,fan_off_heater_off,1.0
0,0,fan_off_heater_off,fan_off_heater_off,0.9935349
0,0,fan_off_heater_off,fan_off_heater_off,0.9999864
0,0,fan_off_heater_off,fan_off_heater_off,0.9995833
0,0,fan_off_heater_off,fan_off_heater_off,0.99999
0,0,fan_off_heater_off,fan_off_heater_off,1.0
0,0,fan_off_heater_off,fan_off_heater_off,1.0
0,0,fan_off_heater_off,fan_off_heater_off,0.9955428
0,0,fan_off_heater_off,fan_off_heater_off,1.0
0,0,fan_off_heater_off,fan_off_heater_off,0.99995494
0,0,fan_off_heater_off,fan_off_heater_off,1.0
0,0,fan_off_heater_off,fan_off_heater_off,1.0
0,0,fan_off_heater_off,fan_off_heater_off,0.99998045
0,0,fan_off_heater_off,fan_off_heater_off,1.0
0,0,fan_off_heater_off,fan_off_heater_off,1.0
0,0,fan_off_heater_off,fan_off_heater_off,1.0
0,0,fan_off_heater_off,fan_off_heater_off,0.9910027
0,0,fan_off_heater_off,fan_off_heater_off,1.0
0,0,fan_off_heater_off,fan_off_heater_off,0.9999019
0,0,fan_off_heater_off,fan_off_heater_off,0.9999931
0,0,fan_off_heater_off,fan_off_heater_off,1.0
0,0,fan_off_heater_off,fan_off_heater_off,1.0
1,1,fan_off_heater_on,fan_off_heater_on,0.999998
0,0,fan_off_heater_off,fan_off_heater_off,0.9766129
2,2,fan_on_heater_off,fan_on_heater_off,0.99894637
0,0,fan_off_heater_off,fan_off_heater_off,1.0
1,1,fan_off_heater_on,fan_off_heater_on,0.99998546
0,0,fan_off_heater_off,fan_off_heater_off,0.99994576
0,0,fan_off_heater_off,fan_off_heater_off,1.0
2,2,fan_on_heater_off,fan_on_heater_off,0.9999999
0,0,fan_off_heater_off,fan_off_heater_off,1.0
0,0,fan_off_heater_off,fan_off_heater_off,0.99990344
0,0,fan_off_heater_off,fan_off_heater_off,1.0
0,0,fan_off_heater_off,fan_off_heater_off,1.0
0,0,fan_off_heater_off,fan_off_heater_off,1.0
0,0,fan_off_heater_off,fan_off_heater_off,1.0
0,0,fan_off_heater_off,fan_off_heater_off,1.0
0,0,fan_off_heater_off,fan_off_heater_off,1.0
2,2,fan_on_heater_off,fan_on_heater_off,0.99604756
0,0,fan_off_heater_off,fan_off_heater_off,1.0
0,0,fan_off_heater_off,fan_off_heater_off,1.0
0,0,fan_off_heater_off,fan_off_heater_off,1.0
0,0,fan_off_heater_off,fan_off_heater_off,0.99989533
0,0,fan_off_heater_off,fan_off_heater_off,1.0
0,0,fan_off_heater_off,fan_off_heater_off,0.99987257
0,0,fan_off_heater_off,fan_off_heater_off,0.999997
0,0,fan_off_heater_off,fan_off_heater_off,1.0
0,0,fan_off_heater_off,fan_off_heater_off,1.0
0,0,fan_off_heater_off,fan_off_heater_off,0.99999976
0,0,fan_off_heater_off,fan_off_heater_off,1.0
2,2,fan_on_heater_off,fan_on_heater_off,1.0
0,0,fan_off_heater_off,fan_off_heater_off,0.9999994
0,0,fan_off_heater_off,fan_off_heater_off,0.9979081
0,0,fan_off_heater_off,fan_off_heater_off,1.0
1,1,fan_off_heater_on,fan_off_heater_on,0.9995474
0,0,fan_off_heater_off,fan_off_heater_off,0.99999833
2,2,fan_on_heater_off,fan_on_heater_off,0.8684653
0,0,fan_off_heater_off,fan_off_heater_off,1.0
2,2,fan_on_heater_off,fan_on_heater_off,0.9943341
0,0,fan_off_heater_off,fan_off_heater_off,0.9997297
0,0,fan_off_heater_off,fan_off_heater_off,1.0
0,0,fan_off_heater_off,fan_off_heater_off,1.0
0,0,fan_off_heater_off,fan_off_heater_off,1.0
0,0,fan_off_heater_off,fan_off_heater_off,0.9996885
0,0,fan_off_heater_off,fan_off_heater_off,1.0
0,0,fan_off_heater_off,fan_off_heater_off,1.0
0,0,fan_off_heater_off,fan_off_heater_off,0.9999993
0,0,fan_off_heater_off,fan_off_heater_off,1.0
0,0,fan_off_heater_off,fan_off_heater_off,0.9999778
0,0,fan_off_heater_off,fan_off_heater_off,1.0
0,0,fan_off_heater_off,fan_off_heater_off,0.9999032
0,0,fan_off_heater_off,fan_off_heater_off,0.9999999
0,0,fan_off_heater_off,fan_off_heater_off,1.0
0,0,fan_off_heater_off,fan_off_heater_off,0.9999405
0,0,fan_off_heater_off,fan_off_heater_off,1.0
0,0,fan_off_heater_off,fan_off_heater_off,1.0
0,0,fan_off_heater_off,fan_off_heater_off,1.0
0,0,fan_off_heater_off,fan_off_heater_off,1.0
0,0,fan_off_heater_off,fan_off_heater_off,1.0
1,1,fan_off_heater_on,fan_off_heater_on,0.95424867
0,0,fan_off_heater_off,fan_off_heater_off,1.0
0,0,fan_off_heater_off,fan_off_heater_off,0.99999976
0,0,fan_off_heater_off,fan_off_heater_off,1.0
0,0,fan_off_heater_off,fan_off_heater_off,1.0
0,0,fan_off_heater_off,fan_off_heater_off,1.0
0,0,fan_off_heater_off,fan_off_heater_off,1.0
0,0,fan_off_heater_off,fan_off_heater_off,1.0
0,0,fan_off_heater_off,fan_off_heater_off,0.99973994
0,0,fan_off_heater_off,fan_off_heater_off,1.0
0,0,fan_off_heater_off,fan_off_heater_off,1.0
0,0,fan_off_heater_off,fan_off_heater_off,1.0
0,0,fan_off_heater_off,fan_off_heater_off,1.0
0,0,fan_off_heater_off,fan_off_heater_off,1.0
0,0,fan_off_heater_off,fan_off_heater_off,1.0
0,0,fan_off_heater_off,fan_off_heater_off,0.99997854
0,0,fan_off_heater_off,fan_off_heater_off,0.9999684
0,0,fan_off_heater_off,fan_off_heater_off,0.78899455
0,0,fan_off_heater_off,fan_off_heater_off,0.9999887
0,0,fan_off_heater_off,fan_off_heater_off,1.0
0,0,fan_off_heater_off,fan_off_heater_off,1.0
0,0,fan_off_heater_off,fan_off_heater_off,0.9998958
0,0,fan_off_heater_off,fan_off_heater_off,1.0
0,0,fan_off_heater_off,fan_off_heater_off,0.99999666
0,0,fan_off_heater_off,fan_off_heater_off,1.0
0,0,fan_off_heater_off,fan_off_heater_off,0.99998355
0,0,fan_off_heater_off,fan_off_heater_off,1.0
0,0,fan_off_heater_off,fan_off_heater_off,1.0
0,0,fan_off_heater_off,fan_off_heater_off,1.0
0,0,fan_off_heater_off,fan_off_heater_off,0.99999964
0,0,fan_off_heater_off,fan_off_heater_off,1.0
0,0,fan_off_heater_off,fan_off_heater_off,1.0
0,0,fan_off_heater_off,fan_off_heater_off,1.0
0,0,fan_off_heater_off,fan_off_heater_off,0.9956116
0,0,fan_off_heater_off,fan_off_heater_off,0.9999999
2,0,fan_on_heater_off,fan_off_heater_off,0.9910719
0,0,fan_off_heater_off,fan_off_heater_off,1.0
0,0,fan_off_heater_off,fan_off_heater_off,0.9999839
0,0,fan_off_heater_off,fan_off_heater_off,1.0
0,0,fan_off_heater_off,fan_off_heater_off,1.0
0,0,fan_off_heater_off,fan_off_heater_off,0.99761057
0,0,fan_off_heater_off,fan_off_heater_off,0.9988199
0,0,fan_off_heater_off,fan_off_heater_off,0.9959818
0,2,fan_off_heater_off,fan_on_heater_off,0.78594875
0,0,fan_off_heater_off,fan_off_heater_off,0.99999857
0,0,fan_off_heater_off,fan_off_heater_off,0.9999995
0,0,fan_off_heater_off,fan_off_heater_off,1.0
0,0,fan_off_heater_off,fan_off_heater_off,1.0
0,0,fan_off_heater_off,fan_off_heater_off,1.0
0,0,fan_off_heater_off,fan_off_heater_off,0.99999595
0,0,fan_off_heater_off,fan_off_heater_off,1.0
0,0,fan_off_heater_off,fan_off_heater_off,1.0
2,2,fan_on_heater_off,fan_on_heater_off,0.9975828
0,0,fan_off_heater_off,fan_off_heater_off,0.99999964
0,0,fan_off_heater_off,fan_off_heater_off,1.0
0,0,fan_off_heater_off,fan_off_heater_off,1.0
0,0,fan_off_heater_off,fan_off_heater_off,1.0
0,0,fan_off_heater_off,fan_off_heater_off,0.9999933
0,0,fan_off_heater_off,fan_off_heater_off,0.99996185
0,0,fan_off_heater_off,fan_off_heater_off,1.0
0,0,fan_off_heater_off,fan_off_heater_off,0.9998553
0,0,fan_off_heater_off,fan_off_heater_off,0.99959093
0,0,fan_off_heater_off,fan_off_heater_off,1.0
0,0,fan_off_heater_off,fan_off_heater_off,0.99996614
0,0,fan_off_heater_off,fan_off_heater_off,0.9999981
0,0,fan_off_heater_off,fan_off_heater_off,1.0
0,0,fan_off_heater_off,fan_off_heater_off,1.0
0,0,fan_off_heater_off,fan_off_heater_off,1.0
0,0,fan_off_heater_off,fan_off_heater_off,0.99605227
0,0,fan_off_heater_off,fan_off_heater_off,1.0
0,0,fan_off_heater_off,fan_off_heater_off,1.0
0,0,fan_off_heater_off,fan_off_heater_off,0.9999944
0,0,fan_off_heater_off,fan_off_heater_off,0.99999917
0,0,fan_off_heater_off,fan_off_heater_off,0.91663176
0,0,fan_off_heater_off,fan_off_heater_off,1.0
1,1,fan_off_heater_on,fan_off_heater_on,0.9999012
0,0,fan_off_heater_off,fan_off_heater_off,0.83947235
0,0,fan_off_heater_off,fan_off_heater_off,1.0
0,0,fan_off_heater_off,fan_off_heater_off,1.0
0,0,fan_off_heater_off,fan_off_heater_off,1.0
0,0,fan_off_heater_off,fan_off_heater_off,1.0
0,0,fan_off_heater_off,fan_off_heater_off,1.0
0,0,fan_off_heater_off,fan_off_heater_off,0.99998975
0,0,fan_off_heater_off,fan_off_heater_off,0.99999607
0,0,fan_off_heater_off,fan_off_heater_off,0.99999857
0,0,fan_off_heater_off,fan_off_heater_off,1.0
0,0,fan_off_heater_off,fan_off_heater_off,1.0
0,0,fan_off_heater_off,fan_off_heater_off,1.0
0,0,fan_off_heater_off,fan_off_heater_off,0.98159987
0,0,fan_off_heater_off,fan_off_heater_off,0.99999976
0,0,fan_off_heater_off,fan_off_heater_off,1.0
0,0,fan_off_heater_off,fan_off_heater_off,1.0
0,0,fan_off_heater_off,fan_off_heater_off,1.0
0,0,fan_off_heater_off,fan_off_heater_off,1.0
0,0,fan_off_heater_off,fan_off_heater_off,1.0
0,0,fan_off_heater_off,fan_off_heater_off,1.0
0,0,fan_off_heater_off,fan_off_heater_off,0.9999912
0,0,fan_off_heater_off,fan_off_heater_off,0.9999999
0,0,fan_off_heater_off,fan_off_heater_off,1.0
0,0,fan_off_heater_off,fan_off_heater_off,1.0
0,0,fan_off_heater_off,fan_off_heater_off,1.0
0,0,fan_off_heater_off,fan_off_heater_off,1.0
0,0,fan_off_heater_off,fan_off_heater_off,0.9995499
1,1,fan_off_heater_on,fan_off_heater_on,1.0
0,0,fan_off_heater_off,fan_off_heater_off,1.0
0,0,fan_off_heater_off,fan_off_heater_off,1.0
0,0,fan_off_heater_off,fan_off_heater_off,0.99999905
0,0,fan_off_heater_off,fan_off_heater_off,1.0
0,0,fan_off_heater_off,fan_off_heater_off,1.0
1,1,fan_off_heater_on,fan_off_heater_on,0.9977276
0,0,fan_off_heater_off,fan_off_heater_off,0.99999726
0,0,fan_off_heater_off,fan_off_heater_off,1.0
0,0,fan_off_heater_off,fan_off_heater_off,1.0
0,0,fan_off_heater_off,fan_off_heater_off,1.0
0,0,fan_off_heater_off,fan_off_heater_off,1.0
0,0,fan_off_heater_off,fan_off_heater_off,1.0
0,0,fan_off_heater_off,fan_off_heater_off,1.0
0,0,fan_off_heater_off,fan_off_heater_off,1.0
0,0,fan_off_heater_off,fan_off_heater_off,1.0
0,0,fan_off_heater_off,fan_off_heater_off,0.9999869
0,0,fan_off_heater_off,fan_off_heater_off,1.0
0,0,fan_off_heater_off,fan_off_heater_off,0.9867703
0,0,fan_off_heater_off,fan_off_heater_off,1.0
0,0,fan_off_heater_off,fan_off_heater_off,0.7903795
0,0,fan_off_heater_off,fan_off_heater_off,1.0
0,0,fan_off_heater_off,fan_off_heater_off,0.99999976
0,0,fan_off_heater_off,fan_off_heater_off,1.0
0,0,fan_off_heater_off,fan_off_heater_off,1.0
0,0,fan_off_heater_off,fan_off_heater_off,0.9999969
0,0,fan_off_heater_off,fan_off_heater_off,0.99999595
0,0,fan_off_heater_off,fan_off_heater_off,1.0
0,0,fan_off_heater_off,fan_off_heater_off,1.0
0,0,fan_off_heater_off,fan_off_heater_off,1.0
0,0,fan_off_heater_off,fan_off_heater_off,1.0
0,0,fan_off_heater_off,fan_off_heater_off,0.9999999
0,0,fan_off_heater_off,fan_off_heater_off,1.0
0,0,fan_off_heater_off,fan_off_heater_off,1.0
0,0,fan_off_heater_off,fan_off_heater_off,1.0
0,0,fan_off_heater_off,fan_off_heater_off,0.99999666
0,0,fan_off_heater_off,fan_off_heater_off,0.9993253
0,0,fan_off_heater_off,fan_off_heater_off,1.0
0,0,fan_off_heater_off,fan_off_heater_off,1.0
0,0,fan_off_heater_off,fan_off_heater_off,0.9999982
0,0,fan_off_heater_off,fan_off_heater_off,1.0
0,0,fan_off_heater_off,fan_off_heater_off,0.99994385
0,0,fan_off_heater_off,fan_off_heater_off,0.99399734
0,0,fan_off_heater_off,fan_off_heater_off,1.0
0,0,fan_off_heater_off,fan_off_heater_off,1.0
0,0,fan_off_heater_off,fan_off_heater_off,1.0
0,0,fan_off_heater_off,fan_off_heater_off,0.9998
0,0,fan_off_heater_off,fan_off_heater_off,0.9999989
0,0,fan_off_heater_off,fan_off_heater_off,1.0
0,0,fan_off_heater_off,fan_off_heater_off,1.0
0,0,fan_off_heater_off,fan_off_heater_off,1.0
0,0,fan_off_heater_off,fan_off_heater_off,1.0
0,0,fan_off_heater_off,fan_off_heater_off,1.0
0,0,fan_off_heater_off,fan_off_heater_off,1.0
0,0,fan_off_heater_off,fan_off_heater_off,0.9999999
0,0,fan_off_heater_off,fan_off_heater_off,0.98875076
0,0,fan_off_heater_off,fan_off_heater_off,0.98633885
0,0,fan_off_heater_off,fan_off_heater_off,0.9999995
0,0,fan_off_heater_off,fan_off_heater_off,1.0
0,0,fan_off_heater_off,fan_off_heater_off,1.0
0,0,fan_off_heater_off,fan_off_heater_off,1.0
0,0,fan_off_heater_off,fan_off_heater_off,1.0
0,0,fan_off_heater_off,fan_off_heater_off,0.9999763
0,0,fan_off_heater_off,fan_off_heater_off,1.0
0,0,fan_off_heater_off,fan_off_heater_off,1.0
0,0,fan_off_heater_off,fan_off_heater_off,1.0
1,1,fan_off_heater_on,fan_off_heater_on,0.9999825
0,0,fan_off_heater_off,fan_off_heater_off,0.9999838
0,0,fan_off_heater_off,fan_off_heater_off,1.0
0,0,fan_off_heater_off,fan_off_heater_off,0.99984825
0,0,fan_off_heater_off,fan_off_heater_off,0.9993432
0,0,fan_off_heater_off,fan_off_heater_off,1.0
0,0,fan_off_heater_off,fan_off_heater_off,0.9999999
0,0,fan_off_heater_off,fan_off_heater_off,1.0
0,0,fan_off_heater_off,fan_off_heater_off,0.99998474
0,0,fan_off_heater_off,fan_off_heater_off,0.99999976
0,0,fan_off_heater_off,fan_off_heater_off,1.0
0,0,fan_off_heater_off,fan_off_heater_off,0.99999774
0,0,fan_off_heater_off,fan_off_heater_off,1.0
0,0,fan_off_heater_off,fan_off_heater_off,1.0
